idEvent,idSoccerXML,idAPIfootball,strEvent,strEventAlternate,strFilename,strSport,idLeague,strLeague,strSeason,strDescriptionEN,strHomeTeam,strAwayTeam,intHomeScore,intRound,intAwayScore,intSpectators,strOfficial,strTimestamp,dateEvent,dateEventLocal,strTime,strTimeLocal,strTVStation,idHomeTeam,idAwayTeam,intScore,intScoreVotes,strResult,strVenue,strCountry,strCity,strPoster,strSquare,strFanart,strThumb,strBanner,strMap,strTweet1,strTweet2,strTweet3,strVideo,strStatus,strPostponed,strLocked
1780951,,135719,San Diego Padres vs Seattle Mariners,Seattle Mariners @ San Diego Padres,MLB 2023-02-24 San Diego Padres vs Seattle Mariners,Baseball,4424,MLB,2023,,San Diego Padres,Seattle Mariners,2,0,3,,,2023-02-24T20:10:00+00:00,2023-02-24,,20:10:00,,,135278,135262,,, San Diego Padres Innings:<br>0 0 0 0 0 0 0 2 0 <br>Hits: 8 - Errors: 1<br><br>Seattle Mariners Innings:<br>0 0 0 3 0 0 0 0 0 <br>Hits: 8 - Errors: 0,,USA,,,,,https://www.thesportsdb.com/images/media/event/thumb/vbfhg61675977278.jpg,,,,,,,FT,no,unlocked
1780952,,135720,Kansas City Royals vs Texas Rangers,Texas Rangers @ Kansas City Royals,MLB 2023-02-24 Kansas City Royals vs Texas Rangers,Baseball,4424,MLB,2023,,Kansas City Royals,Texas Rangers,6,0,5,,,2023-02-24T20:05:00+00:00,2023-02-24,,20:05:00,,,135257,135264,,, Kansas City Royals Innings:<br>2 0 0 2 1 0 0 0 1 <br>Hits: 8 - Errors: 1<br><br>Texas Rangers Innings:<br>0 3 0 0 0 0 1 1 0 <br>Hits: 9 - Errors: 2,,USA,,,,,https://www.thesportsdb.com/images/media/event/thumb/6ebcc31675977279.jpg,,,,,,,FT,no,unlocked
1780953,,135721,Detroit Tigers vs Philadelphia Phillies,Philadelphia Phillies @ Detroit Tigers,MLB 2023-02-25 Detroit Tigers vs Philadelphia Phillies,Baseball,4424,MLB,2023,,Detroit Tigers,Philadelphia Phillies,4,0,2,,,2023-02-25T18:05:00+00:00,2023-02-25,,18:05:00,,,135255,135276,,, Detroit Tigers Innings:<br>0 0 1 0 0 1 2 0  <br>Hits: 6 - Errors: 0<br><br>Philadelphia Phillies Innings:<br>0 0 0 0 0 0 2 0 0 <br>Hits: 6 - Errors: 2,,USA,,,,,https://www.thesportsdb.com/images/media/event/thumb/2sugrr1675977280.jpg,,,,,,,FT,no,unlocked
1780954,,135722,Philadelphia Phillies vs New York Yankees,New York Yankees @ Philadelphia Phillies,MLB 2023-02-25 Philadelphia Phillies vs New York Yankees,Baseball,4424,MLB,2023,,Philadelphia Phillies,New York Yankees,7,0,4,,,2023-02-25T18:05:00+00:00,2023-02-25,,18:05:00,,,135276,135260,,, Philadelphia Phillies Innings:<br>0 2 0 0 2 0 2 1  <br>Hits: 11 - Errors: 0<br><br>New York Yankees Innings:<br>0 0 1 0 3 0 0 0 0 <br>Hits: 6 - Errors: 1,,USA,,,,,https://www.thesportsdb.com/images/media/event/thumb/orbi561675977280.jpg,,,,,,,FT,no,unlocked
1780955,,135723,Chicago Cubs vs San Francisco Giants,San Francisco Giants @ Chicago Cubs,MLB 2023-02-25 Chicago Cubs vs San Francisco Giants,Baseball,4424,MLB,2023,,Chicago Cubs,San Francisco Giants,10,0,8,,,2023-02-25T20:05:00+00:00,2023-02-25,,20:05:00,,,135269,135279,,, Chicago Cubs Innings:<br>0 1 1 0 7 0 0 1  <br>Hits: 12 - Errors: 0<br><br>San Francisco Giants Innings:<br>1 0 1 3 0 2 0 0 1 <br>Hits: 13 - Errors: 6,,USA,,,,,https://www.thesportsdb.com/images/media/event/thumb/l4pxjw1675977281.jpg,,,,,,,FT,no,unlocked
1780956,,135724,Arizona Diamondbacks vs Colorado Rockies,Colorado Rockies @ Arizona Diamondbacks,MLB 2023-02-25 Arizona Diamondbacks vs Colorado Rockies,Baseball,4424,MLB,2023,,Arizona Diamondbacks,Colorado Rockies,5,0,12,,,2023-02-25T20:10:00+00:00,2023-02-25,,20:10:00,,,135267,135271,,, Arizona Diamondbacks Innings:<br>1 0 0 1 1 0 1 1 0 <br>Hits: 12 - Errors: 2<br><br>Colorado Rockies Innings:<br>2 2 0 0 0 3 2 2 1 <br>Hits: 15 - Errors: 1,,USA,,,,,https://www.thesportsdb.com/images/media/event/thumb/1pnwrt1675977281.jpg,,,,,,,FT,no,unlocked
1780957,,135725,Milwaukee Brewers vs Los Angeles Dodgers,Los Angeles Dodgers @ Milwaukee Brewers,MLB 2023-02-25 Milwaukee Brewers vs Los Angeles Dodgers,Baseball,4424,MLB,2023,,Milwaukee Brewers,Los Angeles Dodgers,7,0,4,,,2023-02-25T20:10:00+00:00,2023-02-25,,20:10:00,,,135274,135272,,, Milwaukee Brewers Innings:<br>1 0 2 0 2 2 0 0  <br>Hits: 9 - Errors: 0<br><br>Los Angeles Dodgers Innings:<br>0 0 2 0 0 0 2 0 0 <br>Hits: 6 - Errors: 1,,USA,,,,,https://www.thesportsdb.com/images/media/event/thumb/qig61q1675977282.jpg,,,,,,,FT,no,unlocked
1780958,,135726,New York Mets vs Miami Marlins,Miami Marlins @ New York Mets,MLB 2023-02-25 New York Mets vs Miami Marlins,Baseball,4424,MLB,2023,,New York Mets,Miami Marlins,5,0,2,,,2023-02-25T23:10:00+00:00,2023-02-25,,23:10:00,,,135275,135273,,, New York Mets Innings:<br>0 2 1 0 2 0 0 0  <br>Hits: 10 - Errors: 1<br><br>Miami Marlins Innings:<br>0 1 1 0 0 0 0 0 0 <br>Hits: 3 - Errors: 1,,USA,,,,,https://www.thesportsdb.com/images/media/event/thumb/cnfrdx1675977282.jpg,,,,,,,FT,no,unlocked
1780959,,135727,St. Louis Cardinals vs Washington Nationals,Washington Nationals @ St. Louis Cardinals,MLB 2023-02-25 St. Louis Cardinals vs Washington Nationals,Baseball,4424,MLB,2023,,St. Louis Cardinals,Washington Nationals,2,0,3,,,2023-02-25T18:05:00+00:00,2023-02-25,,18:05:00,,,135280,135281,,, St. Louis Cardinals Innings:<br>0 0 2 0 0 0 0 0 0 <br>Hits: 5 - Errors: 1<br><br>Washington Nationals Innings:<br>1 0 0 0 0 0 0 1 1 <br>Hits: 9 - Errors: 1,,USA,,,,,https://www.thesportsdb.com/images/media/event/thumb/aecve11675977283.jpg,,,,,,,FT,no,unlocked
1780960,,135728,Seattle Mariners vs Los Angeles Angels,Los Angeles Angels @ Seattle Mariners,MLB 2023-02-25 Seattle Mariners vs Los Angeles Angels,Baseball,4424,MLB,2023,,Seattle Mariners,Los Angeles Angels,1,0,5,,,2023-02-25T20:10:00+00:00,2023-02-25,,20:10:00,,,135262,135258,,, Seattle Mariners Innings:<br>0 0 0 0 1 0 0 0 0 <br>Hits: 5 - Errors: 0<br><br>Los Angeles Angels Innings:<br>0 4 0 1 0 0 0 0 0 <br>Hits: 10 - Errors: 0,,USA,,,,,https://www.thesportsdb.com/images/media/event/thumb/j6ll1g1675977283.jpg,,,,,,,FT,no,unlocked
1780961,,135729,Pittsburgh Pirates vs Toronto Blue Jays,Toronto Blue Jays @ Pittsburgh Pirates,MLB 2023-02-25 Pittsburgh Pirates vs Toronto Blue Jays,Baseball,4424,MLB,2023,,Pittsburgh Pirates,Toronto Blue Jays,7,0,9,,,2023-02-25T18:05:00+00:00,2023-02-25,,18:05:00,,,135277,135265,,, Pittsburgh Pirates Innings:<br>0 0 4 0 0 1 0 2 0 <br>Hits: 7 - Errors: 2<br><br>Toronto Blue Jays Innings:<br>0 0 1 3 2 0 3 0 0 <br>Hits: 13 - Errors: 1,,USA,,,,,https://www.thesportsdb.com/images/media/event/thumb/q8jubz1675977284.jpg,,,,,,,FT,no,unlocked
1780962,,135730,Oakland Athletics vs Arizona Diamondbacks,Arizona Diamondbacks @ Oakland Athletics,MLB 2023-02-25 Oakland Athletics vs Arizona Diamondbacks,Baseball,4424,MLB,2023,,Oakland Athletics,Arizona Diamondbacks,12,0,7,,,2023-02-25T20:05:00+00:00,2023-02-25,,20:05:00,,,135261,135267,,, Oakland Athletics Innings:<br>0 0 2 1 6 2 0 1  <br>Hits: 11 - Errors: 1<br><br>Arizona Diamondbacks Innings:<br>1 1 0 0 2 0 3 0 0 <br>Hits: 12 - Errors: 3,,USA,,,,,https://www.thesportsdb.com/images/media/event/thumb/htb2rn1675977284.jpg,,,,,,,FT,no,unlocked
1780963,,135731,Texas Rangers vs Kansas City Royals,Kansas City Royals @ Texas Rangers,MLB 2023-02-25 Texas Rangers vs Kansas City Royals,Baseball,4424,MLB,2023,,Texas Rangers,Kansas City Royals,5,0,10,,,2023-02-25T20:05:00+00:00,2023-02-25,,20:05:00,,,135264,135257,,, Texas Rangers Innings:<br>0 3 0 0 0 0 0 0 2 <br>Hits: 9 - Errors: 0<br><br>Kansas City Royals Innings:<br>0 0 0 7 1 0 1 0 1 <br>Hits: 10 - Errors: 0,,USA,,,,,https://www.thesportsdb.com/images/media/event/thumb/hs86z61675977285.jpg,,,,,,,FT,no,unlocked
1780964,,135732,Minnesota Twins vs Tampa Bay Rays,Tampa Bay Rays @ Minnesota Twins,MLB 2023-02-25 Minnesota Twins vs Tampa Bay Rays,Baseball,4424,MLB,2023,,Minnesota Twins,Tampa Bay Rays,8,0,4,,,2023-02-25T18:05:00+00:00,2023-02-25,,18:05:00,,,135259,135263,,, Minnesota Twins Innings:<br>0 6 0 0 0 0 2 0  <br>Hits: 12 - Errors: 1<br><br>Tampa Bay Rays Innings:<br>0 0 0 2 2 0 0 0 0 <br>Hits: 8 - Errors: 0,,USA,,,,,https://www.thesportsdb.com/images/media/event/thumb/eejb3n1675977285.jpg,,,,,,,FT,no,unlocked
1780965,,135733,Cincinnati Reds vs Cleveland Guardians,Cleveland Guardians @ Cincinnati Reds,MLB 2023-02-25 Cincinnati Reds vs Cleveland Guardians,Baseball,4424,MLB,2023,,Cincinnati Reds,Cleveland Guardians,4,0,3,,,2023-02-25T20:05:00+00:00,2023-02-25,,20:05:00,,,135270,135254,,, Cincinnati Reds Innings:<br>1 1 0 0 0 0 0 1 1 <br>Hits: 7 - Errors: 0<br><br>Cleveland Guardians Innings:<br>1 1 0 0 1 0 0 0 0 <br>Hits: 8 - Errors: 0,,USA,,,,,https://www.thesportsdb.com/images/media/event/thumb/hcar691675977286.jpg,,,,,,,FT,no,unlocked
1780966,,135734,Chicago White Sox vs San Diego Padres,San Diego Padres @ Chicago White Sox,MLB 2023-02-25 Chicago White Sox vs San Diego Padres,Baseball,4424,MLB,2023,,Chicago White Sox,San Diego Padres,2,0,6,,,2023-02-25T20:05:00+00:00,2023-02-25,,20:05:00,,,135253,135278,,, Chicago White Sox Innings:<br>0 1 0 0 0 0 0 0 1 <br>Hits: 4 - Errors: 1<br><br>San Diego Padres Innings:<br>1 0 0 1 0 0 0 1 3 <br>Hits: 9 - Errors: 0,,USA,,,,,https://www.thesportsdb.com/images/media/event/thumb/9eoqa31675977286.jpg,,,,,,,FT,no,unlocked
1780967,,135735,Baltimore Orioles vs Minnesota Twins,Minnesota Twins @ Baltimore Orioles,MLB 2023-02-25 Baltimore Orioles vs Minnesota Twins,Baseball,4424,MLB,2023,,Baltimore Orioles,Minnesota Twins,10,0,5,,,2023-02-25T18:05:00+00:00,2023-02-25,,18:05:00,,,135251,135259,,, Baltimore Orioles Innings:<br>0 0 0 1 4 2 3 0  <br>Hits: 13 - Errors: 0<br><br>Minnesota Twins Innings:<br>1 0 0 2 0 1 1 0 0 <br>Hits: 4 - Errors: 0,,USA,,,,,https://www.thesportsdb.com/images/media/event/thumb/s5knmu1675977287.jpg,,,,,,,FT,no,unlocked
1780968,,135736,Atlanta Braves vs Boston Red Sox,Boston Red Sox @ Atlanta Braves,MLB 2023-02-25 Atlanta Braves vs Boston Red Sox,Baseball,4424,MLB,2023,,Atlanta Braves,Boston Red Sox,6,0,6,,,2023-02-25T18:05:00+00:00,2023-02-25,,18:05:00,,,135268,135252,,, Atlanta Braves Innings:<br>0 0 2 0 1 0 0 0 3 <br>Hits: 9 - Errors: 1<br><br>Boston Red Sox Innings:<br>0 1 2 0 0 0 0 3 0 <br>Hits: 10 - Errors: 2,,USA,,,,,https://www.thesportsdb.com/images/media/event/thumb/fmji011675977288.jpg,,,,,,,FT,no,unlocked
1780969,,135737,Houston Astros vs New York Mets,New York Mets @ Houston Astros,MLB 2023-02-25 Houston Astros vs New York Mets,Baseball,4424,MLB,2023,,Houston Astros,New York Mets,4,0,2,,,2023-02-25T18:05:00+00:00,2023-02-25,,18:05:00,,,135256,135275,,, Houston Astros Innings:<br>0 0 0 0 0 1 3 0  <br>Hits: 8 - Errors: 0<br><br>New York Mets Innings:<br>2 0 0 0 0 0 0 0 0 <br>Hits: 4 - Errors: 4,,USA,,,,,https://www.thesportsdb.com/images/media/event/thumb/d5iu4i1675977288.jpg,,,,,,,FT,no,unlocked
1780970,,135738,Detroit Tigers vs Baltimore Orioles,Baltimore Orioles @ Detroit Tigers,MLB 2023-02-26 Detroit Tigers vs Baltimore Orioles,Baseball,4424,MLB,2023,,Detroit Tigers,Baltimore Orioles,6,0,10,,,2023-02-26T18:05:00+00:00,2023-02-26,,18:05:00,,,135255,135251,,, Detroit Tigers Innings:<br>1 0 0 0 3 1 0 0 1 <br>Hits: 5 - Errors: 0<br><br>Baltimore Orioles Innings:<br>0 0 0 0 9 0 0 1 0 <br>Hits: 14 - Errors: 1,,USA,,,,,https://www.thesportsdb.com/images/media/event/thumb/16y6gh1675977289.jpg,,,,,,,FT,no,unlocked
1780971,,135739,Philadelphia Phillies vs Minnesota Twins,Minnesota Twins @ Philadelphia Phillies,MLB 2023-02-26 Philadelphia Phillies vs Minnesota Twins,Baseball,4424,MLB,2023,,Philadelphia Phillies,Minnesota Twins,10,0,8,,,2023-02-26T18:05:00+00:00,2023-02-26,,18:05:00,,,135276,135259,,, Philadelphia Phillies Innings:<br>1 1 0 0 2 6 0 0  <br>Hits: 9 - Errors: 1<br><br>Minnesota Twins Innings:<br>0 0 0 0 6 0 0 1 1 <br>Hits: 7 - Errors: 1,,USA,,,,,https://www.thesportsdb.com/images/media/event/thumb/wpk7ga1675977289.jpg,,,,,,,FT,no,unlocked
1780972,,135740,Milwaukee Brewers vs Oakland Athletics,Oakland Athletics @ Milwaukee Brewers,MLB 2023-02-26 Milwaukee Brewers vs Oakland Athletics,Baseball,4424,MLB,2023,,Milwaukee Brewers,Oakland Athletics,4,0,11,,,2023-02-26T20:10:00+00:00,2023-02-26,,20:10:00,,,135274,135261,,, Milwaukee Brewers Innings:<br>0 0 1 0 0 0 0 0 3 <br>Hits: 10 - Errors: 2<br><br>Oakland Athletics Innings:<br>4 0 1 0 0 1 5 0 0 <br>Hits: 13 - Errors: 0,,USA,,,,,https://www.thesportsdb.com/images/media/event/thumb/2s6bhr1675977290.jpg,,,,,,,FT,no,unlocked
1780973,,135741,San Diego Padres vs Arizona Diamondbacks,Arizona Diamondbacks @ San Diego Padres,MLB 2023-02-26 San Diego Padres vs Arizona Diamondbacks,Baseball,4424,MLB,2023,,San Diego Padres,Arizona Diamondbacks,18,0,6,,,2023-02-26T20:10:00+00:00,2023-02-26,,20:10:00,,,135278,135267,,, San Diego Padres Innings:<br>0 9 0 5 0 3 0 1  <br>Hits: 20 - Errors: 0<br><br>Arizona Diamondbacks Innings:<br>0 0 0 2 0 4 0 0 0 <br>Hits: 5 - Errors: 2,,USA,,,,,https://www.thesportsdb.com/images/media/event/thumb/hln9us1675977290.jpg,,,,,,,FT,no,unlocked
1780974,,135742,New York Mets vs Washington Nationals,Washington Nationals @ New York Mets,MLB 2023-02-26 New York Mets vs Washington Nationals,Baseball,4424,MLB,2023,,New York Mets,Washington Nationals,6,0,3,,,2023-02-26T18:10:00+00:00,2023-02-26,,18:10:00,,,135275,135281,,, New York Mets Innings:<br>0 0 0 2 0 0 1 3  <br>Hits: 8 - Errors: 1<br><br>Washington Nationals Innings:<br>0 1 0 0 1 0 0 0 1 <br>Hits: 7 - Errors: 1,,USA,,,,,https://www.thesportsdb.com/images/media/event/thumb/mtd6u11675977290.jpg,,,,,,,FT,no,unlocked
1780975,,135743,Washington Nationals vs Houston Astros,Houston Astros @ Washington Nationals,MLB 2023-02-26 Washington Nationals vs Houston Astros,Baseball,4424,MLB,2023,,Washington Nationals,Houston Astros,3,0,2,,,2023-02-26T18:05:00+00:00,2023-02-26,,18:05:00,,,135281,135256,,, Washington Nationals Innings:<br>0 1 1 0 0 0 0 0 1 <br>Hits: 8 - Errors: 0<br><br>Houston Astros Innings:<br>0 0 0 2 0 0 0 0 0 <br>Hits: 6 - Errors: 0,,USA,,,,,https://www.thesportsdb.com/images/media/event/thumb/zd9jbz1675977291.jpg,,,,,,,FT,no,unlocked
1780976,,135744,Toronto Blue Jays vs New York Yankees,New York Yankees @ Toronto Blue Jays,MLB 2023-02-26 Toronto Blue Jays vs New York Yankees,Baseball,4424,MLB,2023,,Toronto Blue Jays,New York Yankees,5,0,9,,,2023-02-26T18:07:00+00:00,2023-02-26,,18:07:00,,,135265,135260,,, Toronto Blue Jays Innings:<br>0 0 0 0 5 0 0 0 0 <br>Hits: 8 - Errors: 0<br><br>New York Yankees Innings:<br>1 0 1 3 1 1 0 2 0 <br>Hits: 16 - Errors: 0,,USA,,,,,https://www.thesportsdb.com/images/media/event/thumb/bhy3n51675977291.jpg,,,,,,,FT,no,unlocked
1780977,,135745,Tampa Bay Rays vs Pittsburgh Pirates,Pittsburgh Pirates @ Tampa Bay Rays,MLB 2023-02-26 Tampa Bay Rays vs Pittsburgh Pirates,Baseball,4424,MLB,2023,,Tampa Bay Rays,Pittsburgh Pirates,,0,,,,2023-02-26T21:00:00+00:00,2023-02-26,,21:00:00,,,135263,135277,,, Tampa Bay Rays Innings:<br>         <br>Hits:  - Errors: <br><br>Pittsburgh Pirates Innings:<br>         <br>Hits:  - Errors: ,,USA,,,,,https://www.thesportsdb.com/images/media/event/thumb/48evpx1675977292.jpg,,,,,,,POST,yes,unlocked
1780978,,135746,San Francisco Giants vs Cincinnati Reds,Cincinnati Reds @ San Francisco Giants,MLB 2023-02-26 San Francisco Giants vs Cincinnati Reds,Baseball,4424,MLB,2023,,San Francisco Giants,Cincinnati Reds,7,0,6,,,2023-02-26T20:05:00+00:00,2023-02-26,,20:05:00,,,135279,135270,,, San Francisco Giants Innings:<br>0 0 1 0 0 1 0 3 2 <br>Hits: 14 - Errors: 0<br><br>Cincinnati Reds Innings:<br>1 0 0 0 0 3 1 1 0 <br>Hits: 11 - Errors: 1,,USA,,,,,https://www.thesportsdb.com/images/media/event/thumb/glcrpl1675977294.jpg,,,,,,,FT,no,unlocked
1780979,,135747,New York Yankees vs Atlanta Braves,Atlanta Braves @ New York Yankees,MLB 2023-02-26 New York Yankees vs Atlanta Braves,Baseball,4424,MLB,2023,,New York Yankees,Atlanta Braves,7,0,0,,,2023-02-26T18:05:00+00:00,2023-02-26,,18:05:00,,,135260,135268,,, New York Yankees Innings:<br>4 0 0 0 0 3 0 0  <br>Hits: 10 - Errors: 1<br><br>Atlanta Braves Innings:<br>0 0 0 0 0 0 0 0 0 <br>Hits: 1 - Errors: 0,,USA,,,,,https://www.thesportsdb.com/images/media/event/thumb/tlkhvf1675977294.jpg,,,,,,,FT,no,unlocked
1780980,,135748,Colorado Rockies vs Milwaukee Brewers,Milwaukee Brewers @ Colorado Rockies,MLB 2023-02-26 Colorado Rockies vs Milwaukee Brewers,Baseball,4424,MLB,2023,,Colorado Rockies,Milwaukee Brewers,12,0,6,,,2023-02-26T20:10:00+00:00,2023-02-26,,20:10:00,,,135271,135274,,, Colorado Rockies Innings:<br>0 2 1 0 0 0 5 4  <br>Hits: 12 - Errors: 0<br><br>Milwaukee Brewers Innings:<br>1 2 0 0 0 1 0 2 0 <br>Hits: 10 - Errors: 2,,USA,,,,,https://www.thesportsdb.com/images/media/event/thumb/higxe61675977295.jpg,,,,,,,FT,no,unlocked
1780981,,135749,Miami Marlins vs St. Louis Cardinals,St. Louis Cardinals @ Miami Marlins,MLB 2023-02-26 Miami Marlins vs St. Louis Cardinals,Baseball,4424,MLB,2023,,Miami Marlins,St. Louis Cardinals,2,0,8,,,2023-02-26T18:10:00+00:00,2023-02-26,,18:10:00,,,135273,135280,,, Miami Marlins Innings:<br>0 0 0 0 0 2 0 0 0 <br>Hits: 6 - Errors: 2<br><br>St. Louis Cardinals Innings:<br>5 0 0 1 0 0 0 2 0 <br>Hits: 16 - Errors: 0,,USA,,,,,https://www.thesportsdb.com/images/media/event/thumb/4e15fl1675977295.jpg,,,,,,,FT,no,unlocked
1780982,,135750,Los Angeles Dodgers vs Chicago Cubs,Chicago Cubs @ Los Angeles Dodgers,MLB 2023-02-26 Los Angeles Dodgers vs Chicago Cubs,Baseball,4424,MLB,2023,,Los Angeles Dodgers,Chicago Cubs,9,0,4,,,2023-02-26T20:05:00+00:00,2023-02-26,,20:05:00,,,135272,135269,,, Los Angeles Dodgers Innings:<br>0 0 0 0 0 2 3 4  <br>Hits: 10 - Errors: 0<br><br>Chicago Cubs Innings:<br>0 3 0 0 0 1 0 0 0 <br>Hits: 7 - Errors: 1,,USA,,,,,https://www.thesportsdb.com/images/media/event/thumb/a48c3j1675977296.jpg,,,,,,,FT,no,unlocked
1780983,,135751,Los Angeles Angels vs Chicago White Sox,Chicago White Sox @ Los Angeles Angels,MLB 2023-02-26 Los Angeles Angels vs Chicago White Sox,Baseball,4424,MLB,2023,,Los Angeles Angels,Chicago White Sox,7,0,0,,,2023-02-26T20:10:00+00:00,2023-02-26,,20:10:00,,,135258,135253,,, Los Angeles Angels Innings:<br>1 3 3 0 0 0 0 0  <br>Hits: 13 - Errors: 0<br><br>Chicago White Sox Innings:<br>0 0 0 0 0 0 0 0 0 <br>Hits: 5 - Errors: 2,,USA,,,,,https://www.thesportsdb.com/images/media/event/thumb/qs0nzq1675977296.jpg,,,,,,,FT,no,unlocked
1780984,,135752,Kansas City Royals vs Seattle Mariners,Seattle Mariners @ Kansas City Royals,MLB 2023-02-26 Kansas City Royals vs Seattle Mariners,Baseball,4424,MLB,2023,,Kansas City Royals,Seattle Mariners,8,0,7,,,2023-02-26T20:05:00+00:00,2023-02-26,,20:05:00,,,135257,135262,,, Kansas City Royals Innings:<br>5 0 0 0 0 3 0 0  <br>Hits: 11 - Errors: 0<br><br>Seattle Mariners Innings:<br>0 2 2 2 0 0 1 0 0 <br>Hits: 14 - Errors: 0,,USA,,,,,https://www.thesportsdb.com/images/media/event/thumb/zn0veg1675977297.jpg,,,,,,,FT,no,unlocked
1780985,,135753,Cleveland Guardians vs Texas Rangers,Texas Rangers @ Cleveland Guardians,MLB 2023-02-26 Cleveland Guardians vs Texas Rangers,Baseball,4424,MLB,2023,,Cleveland Guardians,Texas Rangers,4,0,13,,,2023-02-26T20:05:00+00:00,2023-02-26,,20:05:00,,,135254,135264,,, Cleveland Guardians Innings:<br>0 0 0 0 0 0 3 1 0 <br>Hits: 9 - Errors: 1<br><br>Texas Rangers Innings:<br>2 3 2 1 0 0 0 5 0 <br>Hits: 15 - Errors: 0,,USA,,,,,https://www.thesportsdb.com/images/media/event/thumb/eyhifn1675977297.jpg,,,,,,,FT,no,unlocked
1780986,,135754,Boston Red Sox vs Tampa Bay Rays,Tampa Bay Rays @ Boston Red Sox,MLB 2023-02-26 Boston Red Sox vs Tampa Bay Rays,Baseball,4424,MLB,2023,,Boston Red Sox,Tampa Bay Rays,7,0,6,,,2023-02-26T18:05:00+00:00,2023-02-26,,18:05:00,,,135252,135263,,, Boston Red Sox Innings:<br>0 1 0 0 0 3 0 2 1 <br>Hits: 8 - Errors: 0<br><br>Tampa Bay Rays Innings:<br>0 0 0 0 0 1 1 4 0 <br>Hits: 4 - Errors: 1,,USA,,,,,https://www.thesportsdb.com/images/media/event/thumb/jpz30o1675977298.jpg,,,,,,,FT,no,unlocked
1780987,,135755,Chicago Cubs vs Cleveland Guardians,Cleveland Guardians @ Chicago Cubs,MLB 2023-02-27 Chicago Cubs vs Cleveland Guardians,Baseball,4424,MLB,2023,,Chicago Cubs,Cleveland Guardians,4,0,12,,,2023-02-27T20:05:00+00:00,2023-02-27,,20:05:00,,,135269,135254,,, Chicago Cubs Innings:<br>0 0 3 0 0 0 1 0 0 <br>Hits: 12 - Errors: 3<br><br>Cleveland Guardians Innings:<br>0 2 0 0 6 2 2 0 0 <br>Hits: 9 - Errors: 2,,USA,,,,,https://www.thesportsdb.com/images/media/event/thumb/1rvmk41675977298.jpg,,,,,,,FT,no,unlocked
1780988,,135756,Arizona Diamondbacks vs Chicago Cubs,Chicago Cubs @ Arizona Diamondbacks,MLB 2023-02-27 Arizona Diamondbacks vs Chicago Cubs,Baseball,4424,MLB,2023,,Arizona Diamondbacks,Chicago Cubs,3,0,0,,,2023-02-27T20:10:00+00:00,2023-02-27,,20:10:00,,,135267,135269,,, Arizona Diamondbacks Innings:<br>0 0 0 0 0 0 0 0 3 <br>Hits: 7 - Errors: 0<br><br>Chicago Cubs Innings:<br>0 0 0 0 0 0 0 0 0 <br>Hits: 2 - Errors: 0,,USA,,,,,https://www.thesportsdb.com/images/media/event/thumb/pyyy1v1675977299.jpg,,,,,,,FT,no,unlocked
1780989,,135757,San Diego Padres vs Los Angeles Dodgers,Los Angeles Dodgers @ San Diego Padres,MLB 2023-02-27 San Diego Padres vs Los Angeles Dodgers,Baseball,4424,MLB,2023,,San Diego Padres,Los Angeles Dodgers,6,0,7,,,2023-02-27T20:10:00+00:00,2023-02-27,,20:10:00,,,135278,135272,,, San Diego Padres Innings:<br>0 1 0 0 0 0 2 1 2 <br>Hits: 10 - Errors: 2<br><br>Los Angeles Dodgers Innings:<br>0 0 1 1 0 1 0 0 4 <br>Hits: 9 - Errors: 2,,USA,,,,,https://www.thesportsdb.com/images/media/event/thumb/2xel5l1675977299.jpg,,,,,,,FT,no,unlocked
1780990,,135758,Los Angeles Angels vs San Francisco Giants,San Francisco Giants @ Los Angeles Angels,MLB 2023-02-27 Los Angeles Angels vs San Francisco Giants,Baseball,4424,MLB,2023,,Los Angeles Angels,San Francisco Giants,6,0,8,,,2023-02-27T20:10:00+00:00,2023-02-27,,20:10:00,,,135258,135279,,, Los Angeles Angels Innings:<br>0 2 0 0 2 1 0 1 0 <br>Hits: 9 - Errors: 0<br><br>San Francisco Giants Innings:<br>0 0 0 4 3 0 0 1 0 <br>Hits: 10 - Errors: 0,,USA,,,,,https://www.thesportsdb.com/images/media/event/thumb/q8bked1675977300.jpg,,,,,,,FT,no,unlocked
1780991,,135759,Atlanta Braves vs Toronto Blue Jays,Toronto Blue Jays @ Atlanta Braves,MLB 2023-02-27 Atlanta Braves vs Toronto Blue Jays,Baseball,4424,MLB,2023,,Atlanta Braves,Toronto Blue Jays,7,0,0,,,2023-02-27T18:05:00+00:00,2023-02-27,,18:05:00,,,135268,135265,,, Atlanta Braves Innings:<br>2 0 3 0 0 2 0 0  <br>Hits: 13 - Errors: 0<br><br>Toronto Blue Jays Innings:<br>0 0 0 0 0 0 0 0 0 <br>Hits: 6 - Errors: 2,,USA,,,,,https://www.thesportsdb.com/images/media/event/thumb/bjx8mf1675977300.jpg,,,,,,,FT,no,unlocked
1780992,,135760,St. Louis Cardinals vs New York Mets,New York Mets @ St. Louis Cardinals,MLB 2023-02-27 St. Louis Cardinals vs New York Mets,Baseball,4424,MLB,2023,,St. Louis Cardinals,New York Mets,12,0,7,,,2023-02-27T18:05:00+00:00,2023-02-27,,18:05:00,,,135280,135275,,, St. Louis Cardinals Innings:<br>0 0 2 0 5 0 2 3  <br>Hits: 12 - Errors: 1<br><br>New York Mets Innings:<br>1 1 0 2 0 0 0 0 3 <br>Hits: 13 - Errors: 1,,USA,,,,,https://www.thesportsdb.com/images/media/event/thumb/3qlngy1675977301.jpg,,,,,,,FT,no,unlocked
1780993,,135761,Oakland Athletics vs Colorado Rockies,Colorado Rockies @ Oakland Athletics,MLB 2023-02-27 Oakland Athletics vs Colorado Rockies,Baseball,4424,MLB,2023,,Oakland Athletics,Colorado Rockies,3,0,7,,,2023-02-27T20:05:00+00:00,2023-02-27,,20:05:00,,,135261,135271,,, Oakland Athletics Innings:<br>0 0 0 0 0 1 0 1 1 <br>Hits: 4 - Errors: 0<br><br>Colorado Rockies Innings:<br>2 1 1 0 2 0 0 1 0 <br>Hits: 11 - Errors: 1,,USA,,,,,https://www.thesportsdb.com/images/media/event/thumb/d1y39a1675977301.jpg,,,,,,,FT,no,unlocked
1780994,,135762,New York Yankees vs Detroit Tigers,Detroit Tigers @ New York Yankees,MLB 2023-02-27 New York Yankees vs Detroit Tigers,Baseball,4424,MLB,2023,,New York Yankees,Detroit Tigers,8,0,5,,,2023-02-27T23:35:00+00:00,2023-02-27,,23:35:00,,,135260,135255,,, New York Yankees Innings:<br>2 0 0 0 0 0 4 2  <br>Hits: 7 - Errors: 2<br><br>Detroit Tigers Innings:<br>3 0 2 0 0 0 0 0 0 <br>Hits: 10 - Errors: 3,,USA,,,,,https://www.thesportsdb.com/images/media/event/thumb/g6a9mc1675977302.jpg,,,,,,,FT,no,unlocked
1780995,,135763,Pittsburgh Pirates vs Philadelphia Phillies,Philadelphia Phillies @ Pittsburgh Pirates,MLB 2023-02-27 Pittsburgh Pirates vs Philadelphia Phillies,Baseball,4424,MLB,2023,,Pittsburgh Pirates,Philadelphia Phillies,7,0,9,,,2023-02-27T18:05:00+00:00,2023-02-27,,18:05:00,,,135277,135276,,, Pittsburgh Pirates Innings:<br>0 0 0 0 2 0 0 2 3 <br>Hits: 9 - Errors: 1<br><br>Philadelphia Phillies Innings:<br>2 0 3 0 3 1 0 0 0 <br>Hits: 11 - Errors: 0,,USA,,,,,https://www.thesportsdb.com/images/media/event/thumb/0mu2511675977303.jpg,,,,,,,FT,no,unlocked
1780996,,135764,Kansas City Royals vs Milwaukee Brewers,Milwaukee Brewers @ Kansas City Royals,MLB 2023-02-27 Kansas City Royals vs Milwaukee Brewers,Baseball,4424,MLB,2023,,Kansas City Royals,Milwaukee Brewers,4,0,10,,,2023-02-27T20:05:00+00:00,2023-02-27,,20:05:00,,,135257,135274,,, Kansas City Royals Innings:<br>0 0 3 1 0 0 0 0 0 <br>Hits: 11 - Errors: 1<br><br>Milwaukee Brewers Innings:<br>0 0 0 0 1 3 0 3 3 <br>Hits: 12 - Errors: 0,,USA,,,,,https://www.thesportsdb.com/images/media/event/thumb/e263dm1675977303.jpg,,,,,,,FT,no,unlocked
1780997,,135765,Houston Astros vs Miami Marlins,Miami Marlins @ Houston Astros,MLB 2023-02-27 Houston Astros vs Miami Marlins,Baseball,4424,MLB,2023,,Houston Astros,Miami Marlins,3,0,4,,,2023-02-27T18:05:00+00:00,2023-02-27,,18:05:00,,,135256,135273,,, Houston Astros Innings:<br>0 1 1 0 0 0 0 1 0 <br>Hits: 6 - Errors: 0<br><br>Miami Marlins Innings:<br>0 2 0 0 0 2 0 0 0 <br>Hits: 10 - Errors: 0,,USA,,,,,https://www.thesportsdb.com/images/media/event/thumb/7wzm1h1675977304.jpg,,,,,,,FT,no,unlocked
1780998,,135766,Cincinnati Reds vs Texas Rangers,Texas Rangers @ Cincinnati Reds,MLB 2023-02-27 Cincinnati Reds vs Texas Rangers,Baseball,4424,MLB,2023,,Cincinnati Reds,Texas Rangers,2,0,13,,,2023-02-27T20:05:00+00:00,2023-02-27,,20:05:00,,,135270,135264,,, Cincinnati Reds Innings:<br>0 0 1 0 1 0 0 0 0 <br>Hits: 9 - Errors: 0<br><br>Texas Rangers Innings:<br>1 1 5 1 0 1 0 0 4 <br>Hits: 17 - Errors: 4,,USA,,,,,https://www.thesportsdb.com/images/media/event/thumb/5zui8y1675977304.jpg,,,,,,,FT,no,unlocked
1780999,,135767,Chicago White Sox vs Seattle Mariners,Seattle Mariners @ Chicago White Sox,MLB 2023-02-27 Chicago White Sox vs Seattle Mariners,Baseball,4424,MLB,2023,,Chicago White Sox,Seattle Mariners,10,0,1,,,2023-02-27T20:05:00+00:00,2023-02-27,,20:05:00,,,135253,135262,,, Chicago White Sox Innings:<br>0 0 1 2 0 2 1 4  <br>Hits: 15 - Errors: 0<br><br>Seattle Mariners Innings:<br>0 1 0 0 0 0 0 0 0 <br>Hits: 4 - Errors: 1,,USA,,,,,https://www.thesportsdb.com/images/media/event/thumb/4i3w241675977305.jpg,,,,,,,FT,no,unlocked
1781000,,135768,Boston Red Sox vs Minnesota Twins,Minnesota Twins @ Boston Red Sox,MLB 2023-02-27 Boston Red Sox vs Minnesota Twins,Baseball,4424,MLB,2023,,Boston Red Sox,Minnesota Twins,4,0,1,,,2023-02-27T18:05:00+00:00,2023-02-27,,18:05:00,,,135252,135259,,, Boston Red Sox Innings:<br>0 0 0 0 1 2 0 1  <br>Hits: 8 - Errors: 1<br><br>Minnesota Twins Innings:<br>0 0 0 0 0 1 0 0 0 <br>Hits: 9 - Errors: 1,,USA,,,,,https://www.thesportsdb.com/images/media/event/thumb/kv43yq1675977305.jpg,https://www.thesportsdb.com/images/media/event/banner/5doxax1521906537.jpg,,,,,,FT,no,unlocked
1781001,,135769,Baltimore Orioles vs Tampa Bay Rays,Tampa Bay Rays @ Baltimore Orioles,MLB 2023-02-27 Baltimore Orioles vs Tampa Bay Rays,Baseball,4424,MLB,2023,,Baltimore Orioles,Tampa Bay Rays,2,0,14,,,2023-02-27T18:05:00+00:00,2023-02-27,,18:05:00,,,135251,135263,,, Baltimore Orioles Innings:<br>1 0 0 0 0 1 0 0 0 <br>Hits: 8 - Errors: 0<br><br>Tampa Bay Rays Innings:<br>2 0 3 4 0 0 0 5 0 <br>Hits: 15 - Errors: 2,,USA,,,,,https://www.thesportsdb.com/images/media/event/thumb/2g8sar1675977306.jpg,,,,,,,FT,no,unlocked
1781002,,135770,Philadelphia Phillies vs Toronto Blue Jays,Toronto Blue Jays @ Philadelphia Phillies,MLB 2023-02-28 Philadelphia Phillies vs Toronto Blue Jays,Baseball,4424,MLB,2023,,Philadelphia Phillies,Toronto Blue Jays,7,0,2,,,2023-02-28T18:05:00+00:00,2023-02-28,,18:05:00,,,135276,135265,,, Philadelphia Phillies Innings:<br>0 0 0 5 0 0 0 2  <br>Hits: 11 - Errors: 0<br><br>Toronto Blue Jays Innings:<br>0 0 0 0 0 1 0 1 0 <br>Hits: 6 - Errors: 0,,USA,,,,,https://www.thesportsdb.com/images/media/event/thumb/0xrolm1675977307.jpg,,,,,,,FT,no,unlocked
1781003,,135771,Arizona Diamondbacks vs Chicago White Sox,Chicago White Sox @ Arizona Diamondbacks,MLB 2023-02-28 Arizona Diamondbacks vs Chicago White Sox,Baseball,4424,MLB,2023,,Arizona Diamondbacks,Chicago White Sox,1,0,4,,,2023-02-28T20:10:00+00:00,2023-02-28,,20:10:00,,,135267,135253,,, Arizona Diamondbacks Innings:<br>1 0 0 0 0 0 0 0 0 <br>Hits: 8 - Errors: 1<br><br>Chicago White Sox Innings:<br>0 0 1 0 0 2 0 1 0 <br>Hits: 11 - Errors: 1,,USA,,,,,https://www.thesportsdb.com/images/media/event/thumb/hd3kfw1675977307.jpg,,,,,,,FT,no,unlocked
1781004,,135772,Milwaukee Brewers vs Chicago Cubs,Chicago Cubs @ Milwaukee Brewers,MLB 2023-02-28 Milwaukee Brewers vs Chicago Cubs,Baseball,4424,MLB,2023,,Milwaukee Brewers,Chicago Cubs,6,0,3,,,2023-02-28T20:10:00+00:00,2023-02-28,,20:10:00,,,135274,135269,,, Milwaukee Brewers Innings:<br>0 2 1 0 0 0 0 3  <br>Hits: 9 - Errors: 1<br><br>Chicago Cubs Innings:<br>0 0 0 0 0 0 2 0 1 <br>Hits: 7 - Errors: 1,,USA,,,,,https://www.thesportsdb.com/images/media/event/thumb/gf8p4z1675977308.jpg,,,,,,,FT,no,unlocked
1781005,,135773,San Francisco Giants vs San Diego Padres,San Diego Padres @ San Francisco Giants,MLB 2023-02-28 San Francisco Giants vs San Diego Padres,Baseball,4424,MLB,2023,,San Francisco Giants,San Diego Padres,5,0,7,,,2023-02-28T20:05:00+00:00,2023-02-28,,20:05:00,,,135279,135278,,, San Francisco Giants Innings:<br>0 0 1 1 2 0 0 1 0 <br>Hits: 9 - Errors: 0<br><br>San Diego Padres Innings:<br>4 0 0 0 0 0 2 0 1 <br>Hits: 8 - Errors: 0,,USA,,,,,https://www.thesportsdb.com/images/media/event/thumb/cry5cs1675977308.jpg,,,,,,,FT,no,unlocked
1781006,,135774,Washington Nationals vs St. Louis Cardinals,St. Louis Cardinals @ Washington Nationals,MLB 2023-02-28 Washington Nationals vs St. Louis Cardinals,Baseball,4424,MLB,2023,,Washington Nationals,St. Louis Cardinals,3,0,5,,,2023-02-28T18:05:00+00:00,2023-02-28,,18:05:00,,,135281,135280,,, Washington Nationals Innings:<br>0 0 0 0 1 2 0 0 0 <br>Hits: 10 - Errors: 3<br><br>St. Louis Cardinals Innings:<br>2 0 0 1 2 0 0 0 0 <br>Hits: 13 - Errors: 0,,USA,,,,,https://www.thesportsdb.com/images/media/event/thumb/j6rfbb1675977309.jpg,,,,,,,FT,no,unlocked
1781007,,135775,Toronto Blue Jays vs Detroit Tigers,Detroit Tigers @ Toronto Blue Jays,MLB 2023-02-28 Toronto Blue Jays vs Detroit Tigers,Baseball,4424,MLB,2023,,Toronto Blue Jays,Detroit Tigers,6,0,4,,,2023-02-28T18:07:00+00:00,2023-02-28,,18:07:00,,,135265,135255,,, Toronto Blue Jays Innings:<br>0 2 1 1 0 0 2 0  <br>Hits: 11 - Errors: 1<br><br>Detroit Tigers Innings:<br>1 0 0 0 0 0 0 3 0 <br>Hits: 8 - Errors: 1,,USA,,,,,https://www.thesportsdb.com/images/media/event/thumb/bz0e2u1675977309.jpg,,,,,,,FT,no,unlocked
1781008,,135776,Texas Rangers vs Colorado Rockies,Colorado Rockies @ Texas Rangers,MLB 2023-02-28 Texas Rangers vs Colorado Rockies,Baseball,4424,MLB,2023,,Texas Rangers,Colorado Rockies,6,0,4,,,2023-02-28T20:05:00+00:00,2023-02-28,,20:05:00,,,135264,135271,,, Texas Rangers Innings:<br>2 2 0 0 0 1 0 1  <br>Hits: 13 - Errors: 0<br><br>Colorado Rockies Innings:<br>0 1 2 1 0 0 0 0 0 <br>Hits: 7 - Errors: 2,,USA,,,,,https://www.thesportsdb.com/images/media/event/thumb/1xf0wk1675977310.jpg,,,,,,,FT,no,unlocked
1781009,,135777,Tampa Bay Rays vs New York Yankees,New York Yankees @ Tampa Bay Rays,MLB 2023-02-28 Tampa Bay Rays vs New York Yankees,Baseball,4424,MLB,2023,,Tampa Bay Rays,New York Yankees,12,0,0,,,2023-02-28T18:05:00+00:00,2023-02-28,,18:05:00,,,135263,135260,,, Tampa Bay Rays Innings:<br>2 0 0 0 0 0 8 2  <br>Hits: 15 - Errors: 1<br><br>New York Yankees Innings:<br>0 0 0 0 0 0 0 0 0 <br>Hits: 5 - Errors: 2,,USA,,,,,https://www.thesportsdb.com/images/media/event/thumb/a0c56b1675977310.jpg,,,,,,,FT,no,unlocked
1781010,,135778,Seattle Mariners vs Cleveland Guardians,Cleveland Guardians @ Seattle Mariners,MLB 2023-02-28 Seattle Mariners vs Cleveland Guardians,Baseball,4424,MLB,2023,,Seattle Mariners,Cleveland Guardians,9,0,8,,,2023-02-28T20:10:00+00:00,2023-02-28,,20:10:00,,,135262,135254,,, Seattle Mariners Innings:<br>4 4 0 0 0 0 0 1  <br>Hits: 9 - Errors: 2<br><br>Cleveland Guardians Innings:<br>1 0 0 0 1 6 0 0 0 <br>Hits: 12 - Errors: 0,,USA,,,,,https://www.thesportsdb.com/images/media/event/thumb/uuw6lt1675977311.jpg,,,,,,,FT,no,unlocked
1781011,,135779,Miami Marlins vs Boston Red Sox,Boston Red Sox @ Miami Marlins,MLB 2023-02-28 Miami Marlins vs Boston Red Sox,Baseball,4424,MLB,2023,,Miami Marlins,Boston Red Sox,2,0,7,,,2023-02-28T23:40:00+00:00,2023-02-28,,23:40:00,,,135273,135252,,, Miami Marlins Innings:<br>0 0 0 0 0 2 0 0 0 <br>Hits: 6 - Errors: 0<br><br>Boston Red Sox Innings:<br>0 0 1 1 2 2 0 1 0 <br>Hits: 13 - Errors: 0,,USA,,,,,https://www.thesportsdb.com/images/media/event/thumb/zati3z1675977311.jpg,,,,,,,FT,no,unlocked
1781012,,135780,Pittsburgh Pirates vs Baltimore Orioles,Baltimore Orioles @ Pittsburgh Pirates,MLB 2023-02-28 Pittsburgh Pirates vs Baltimore Orioles,Baseball,4424,MLB,2023,,Pittsburgh Pirates,Baltimore Orioles,7,0,4,,,2023-02-28T18:05:00+00:00,2023-02-28,,18:05:00,,,135277,135251,,, Pittsburgh Pirates Innings:<br>0 0 3 2 0 1 1 0  <br>Hits: 10 - Errors: 2<br><br>Baltimore Orioles Innings:<br>0 0 0 0 1 3 0 0 0 <br>Hits: 6 - Errors: 0,,USA,,,,,https://www.thesportsdb.com/images/media/event/thumb/7aeby01675977312.jpg,,,,,,,FT,no,unlocked
1781013,,135781,Oakland Athletics vs Los Angeles Angels,Los Angeles Angels @ Oakland Athletics,MLB 2023-02-28 Oakland Athletics vs Los Angeles Angels,Baseball,4424,MLB,2023,,Oakland Athletics,Los Angeles Angels,5,0,11,,,2023-02-28T20:05:00+00:00,2023-02-28,,20:05:00,,,135261,135258,,, Oakland Athletics Innings:<br>0 0 0 3 0 2 0 0 0 <br>Hits: 7 - Errors: 0<br><br>Los Angeles Angels Innings:<br>0 0 0 2 3 2 2 0 2 <br>Hits: 11 - Errors: 1,,USA,,,,,https://www.thesportsdb.com/images/media/event/thumb/q2u52l1675977312.jpg,,,,,,,FT,no,unlocked
1781014,,135782,New York Mets vs Houston Astros,Houston Astros @ New York Mets,MLB 2023-02-28 New York Mets vs Houston Astros,Baseball,4424,MLB,2023,,New York Mets,Houston Astros,4,0,8,,,2023-02-28T18:10:00+00:00,2023-02-28,,18:10:00,,,135275,135256,,, New York Mets Innings:<br>0 0 0 0 3 0 0 1 0 <br>Hits: 5 - Errors: 0<br><br>Houston Astros Innings:<br>5 0 0 0 0 0 0 3 0 <br>Hits: 10 - Errors: 0,,USA,,,,,https://www.thesportsdb.com/images/media/event/thumb/j5uj9a1675977313.jpg,,,,,,,FT,no,unlocked
1781015,,135783,Minnesota Twins vs Atlanta Braves,Atlanta Braves @ Minnesota Twins,MLB 2023-02-28 Minnesota Twins vs Atlanta Braves,Baseball,4424,MLB,2023,,Minnesota Twins,Atlanta Braves,10,0,7,,,2023-02-28T18:05:00+00:00,2023-02-28,,18:05:00,,,135259,135268,,, Minnesota Twins Innings:<br>4 0 5 0 0 0 0 1  <br>Hits: 9 - Errors: 3<br><br>Atlanta Braves Innings:<br>0 3 0 2 0 1 1 0 0 <br>Hits: 13 - Errors: 0,,USA,,,,,https://www.thesportsdb.com/images/media/event/thumb/bjqs2a1675977313.jpg,,,,,,,FT,no,unlocked
1781016,,135784,Los Angeles Dodgers vs Cincinnati Reds,Cincinnati Reds @ Los Angeles Dodgers,MLB 2023-02-28 Los Angeles Dodgers vs Cincinnati Reds,Baseball,4424,MLB,2023,,Los Angeles Dodgers,Cincinnati Reds,1,0,7,,,2023-02-28T20:05:00+00:00,2023-02-28,,20:05:00,,,135272,135270,,, Los Angeles Dodgers Innings:<br>0 0 0 0 0 0 0 1 0 <br>Hits: 4 - Errors: 1<br><br>Cincinnati Reds Innings:<br>0 0 1 0 0 0 0 3 3 <br>Hits: 10 - Errors: 0,,USA,,,,,https://www.thesportsdb.com/images/media/event/thumb/wcmvao1675977314.jpg,,,,,,,FT,no,unlocked
1781017,,135785,Cleveland Guardians vs Kansas City Royals,Kansas City Royals @ Cleveland Guardians,MLB 2023-02-28 Cleveland Guardians vs Kansas City Royals,Baseball,4424,MLB,2023,,Cleveland Guardians,Kansas City Royals,6,0,12,,,2023-02-28T20:05:00+00:00,2023-02-28,,20:05:00,,,135254,135257,,, Cleveland Guardians Innings:<br>2 0 0 0 0 4 0 0 0 <br>Hits: 10 - Errors: 0<br><br>Kansas City Royals Innings:<br>0 0 3 0 0 2 0 1 6 <br>Hits: 15 - Errors: 0,,USA,,,,,https://www.thesportsdb.com/images/media/event/thumb/vm5g2x1675977314.jpg,,,,,,,FT,no,unlocked
1781018,,135786,Detroit Tigers vs Pittsburgh Pirates,Pittsburgh Pirates @ Detroit Tigers,MLB 2023-03-01 Detroit Tigers vs Pittsburgh Pirates,Baseball,4424,MLB,2023,,Detroit Tigers,Pittsburgh Pirates,8,0,7,,,2023-03-01T18:05:00+00:00,2023-03-01,,18:05:00,,,135255,135277,,, Detroit Tigers Innings:<br>4 0 0 1 0 0 2 0 1 <br>Hits: 9 - Errors: 1<br><br>Pittsburgh Pirates Innings:<br>0 1 0 0 2 0 1 3 0 <br>Hits: 9 - Errors: 0,,USA,,,,,https://www.thesportsdb.com/images/media/event/thumb/13evdo1675977315.jpg,,,,,,,FT,no,unlocked
1781019,,135787,Chicago Cubs vs Seattle Mariners,Seattle Mariners @ Chicago Cubs,MLB 2023-03-01 Chicago Cubs vs Seattle Mariners,Baseball,4424,MLB,2023,,Chicago Cubs,Seattle Mariners,5,0,3,,,2023-03-01T20:05:00+00:00,2023-03-01,,20:05:00,,,135269,135262,,, Chicago Cubs Innings:<br>0 0 0 5 0 0 0 0  <br>Hits: 7 - Errors: 0<br><br>Seattle Mariners Innings:<br>0 0 0 0 2 0 0 1 0 <br>Hits: 13 - Errors: 0,,USA,,,,,https://www.thesportsdb.com/images/media/event/thumb/2wdccb1675977315.jpg,,,,,,,FT,no,unlocked
1781020,,135788,San Diego Padres vs Texas Rangers,Texas Rangers @ San Diego Padres,MLB 2023-03-01 San Diego Padres vs Texas Rangers,Baseball,4424,MLB,2023,,San Diego Padres,Texas Rangers,5,0,1,,,2023-03-01T20:10:00+00:00,2023-03-01,,20:10:00,,,135278,135264,,, San Diego Padres Innings:<br>0 3 0 1 1 0    <br>Hits: 7 - Errors: 1<br><br>Texas Rangers Innings:<br>0 0 0 0 0 0 1   <br>Hits: 4 - Errors: 0,,USA,,,,,https://www.thesportsdb.com/images/media/event/thumb/v1ha6d1675977316.jpg,,,,,,,FT,no,unlocked
1781021,,135789,Texas Rangers vs Los Angeles Dodgers,Los Angeles Dodgers @ Texas Rangers,MLB 2023-03-01 Texas Rangers vs Los Angeles Dodgers,Baseball,4424,MLB,2023,,Texas Rangers,Los Angeles Dodgers,2,0,4,,,2023-03-01T20:05:00+00:00,2023-03-01,,20:05:00,,,135264,135272,,, Texas Rangers Innings:<br>1 0 0 0 0 0 1   <br>Hits: 7 - Errors: 1<br><br>Los Angeles Dodgers Innings:<br>1 1 1 0 1 0 0   <br>Hits: 6 - Errors: 0,,USA,,,,,https://www.thesportsdb.com/images/media/event/thumb/6pftmy1675977317.jpg,,,,,,,FT,no,unlocked
1781022,,135790,San Francisco Giants vs Arizona Diamondbacks,Arizona Diamondbacks @ San Francisco Giants,MLB 2023-03-01 San Francisco Giants vs Arizona Diamondbacks,Baseball,4424,MLB,2023,,San Francisco Giants,Arizona Diamondbacks,5,0,8,,,2023-03-01T20:05:00+00:00,2023-03-01,,20:05:00,,,135279,135267,,, San Francisco Giants Innings:<br>0 0 0 0 0 0 1 2 2 <br>Hits: 8 - Errors: 0<br><br>Arizona Diamondbacks Innings:<br>0 1 0 2 1 2 0 1 1 <br>Hits: 13 - Errors: 0,,USA,,,,,https://www.thesportsdb.com/images/media/event/thumb/95b12v1675977317.jpg,,,,,,,FT,no,unlocked
1781023,,135791,New York Yankees vs Washington Nationals,Washington Nationals @ New York Yankees,MLB 2023-03-01 New York Yankees vs Washington Nationals,Baseball,4424,MLB,2023,,New York Yankees,Washington Nationals,4,0,2,,,2023-03-01T18:05:00+00:00,2023-03-01,,18:05:00,,,135260,135281,,, New York Yankees Innings:<br>0 0 0 2 0 0 0 0 2 <br>Hits: 6 - Errors: 0<br><br>Washington Nationals Innings:<br>0 0 1 0 0 1 0 0 0 <br>Hits: 5 - Errors: 0,,USA,,,,,https://www.thesportsdb.com/images/media/event/thumb/gk6yki1675977318.jpg,,,,,,,FT,no,unlocked
1781024,,135792,Los Angeles Angels vs Milwaukee Brewers,Milwaukee Brewers @ Los Angeles Angels,MLB 2023-03-01 Los Angeles Angels vs Milwaukee Brewers,Baseball,4424,MLB,2023,,Los Angeles Angels,Milwaukee Brewers,4,0,3,,,2023-03-01T19:10:00+00:00,2023-03-01,,19:10:00,,,135258,135274,,, Los Angeles Angels Innings:<br>3 0 0 1 0 0 0 0  <br>Hits: 6 - Errors: 1<br><br>Milwaukee Brewers Innings:<br>1 1 0 0 0 1 0 0 0 <br>Hits: 7 - Errors: 0,,USA,,,,,https://www.thesportsdb.com/images/media/event/thumb/w1l7sl1675977318.jpg,,,,,,,FT,no,unlocked
1781025,,135793,Miami Marlins vs New York Mets,New York Mets @ Miami Marlins,MLB 2023-03-01 Miami Marlins vs New York Mets,Baseball,4424,MLB,2023,,Miami Marlins,New York Mets,4,0,8,,,2023-03-01T18:10:00+00:00,2023-03-01,,18:10:00,,,135273,135275,,, Miami Marlins Innings:<br>0 1 1 0 1 0 0 1 0 <br>Hits: 8 - Errors: 1<br><br>New York Mets Innings:<br>0 0 2 2 1 0 0 1 2 <br>Hits: 11 - Errors: 2,,USA,,,,,https://www.thesportsdb.com/images/media/event/thumb/n5jqy61675977319.jpg,,,,,,,FT,no,unlocked
1781026,,135794,Minnesota Twins vs Philadelphia Phillies,Philadelphia Phillies @ Minnesota Twins,MLB 2023-03-01 Minnesota Twins vs Philadelphia Phillies,Baseball,4424,MLB,2023,,Minnesota Twins,Philadelphia Phillies,4,0,4,,,2023-03-01T18:05:00+00:00,2023-03-01,,18:05:00,,,135259,135276,,, Minnesota Twins Innings:<br>0 1 0 1 0 0 0 0 2 <br>Hits: 9 - Errors: 2<br><br>Philadelphia Phillies Innings:<br>0 2 0 0 2 0 0 0 0 <br>Hits: 7 - Errors: 1,,USA,,,,,https://www.thesportsdb.com/images/media/event/thumb/0do3dq1675977319.jpg,,,,,,,FT,no,unlocked
1781027,,135795,Houston Astros vs Boston Red Sox,Boston Red Sox @ Houston Astros,MLB 2023-03-01 Houston Astros vs Boston Red Sox,Baseball,4424,MLB,2023,,Houston Astros,Boston Red Sox,4,0,4,,,2023-03-01T18:05:00+00:00,2023-03-01,,18:05:00,,,135256,135252,,, Houston Astros Innings:<br>0 1 0 0 0 2 1 0 0 <br>Hits: 7 - Errors: 2<br><br>Boston Red Sox Innings:<br>2 0 0 0 0 2 0 0 0 <br>Hits: 7 - Errors: 2,,USA,,,,,https://www.thesportsdb.com/images/media/event/thumb/pkxjou1675977320.jpg,,,,,,,FT,no,unlocked
1781028,,135796,Cincinnati Reds vs Oakland Athletics,Oakland Athletics @ Cincinnati Reds,MLB 2023-03-01 Cincinnati Reds vs Oakland Athletics,Baseball,4424,MLB,2023,,Cincinnati Reds,Oakland Athletics,14,0,14,,,2023-03-01T20:05:00+00:00,2023-03-01,,20:05:00,,,135270,135261,,, Cincinnati Reds Innings:<br>0 0 1 0 0 2 1 10 0 <br>Hits: 12 - Errors: 1<br><br>Oakland Athletics Innings:<br>2 0 0 0 1 1 2 4 4 <br>Hits: 17 - Errors: 1,,USA,,,,,https://www.thesportsdb.com/images/media/event/thumb/bskmr31675977320.jpg,,,,,,,FT,no,unlocked
1781029,,135797,Chicago White Sox vs Cleveland Guardians,Cleveland Guardians @ Chicago White Sox,MLB 2023-03-01 Chicago White Sox vs Cleveland Guardians,Baseball,4424,MLB,2023,,Chicago White Sox,Cleveland Guardians,6,0,9,,,2023-03-01T20:05:00+00:00,2023-03-01,,20:05:00,,,135253,135254,,, Chicago White Sox Innings:<br>0 0 0 1 0 0 3 2  <br>Hits: 9 - Errors: 3<br><br>Cleveland Guardians Innings:<br>2 0 1 1 0 0 4 0 1 <br>Hits: 9 - Errors: 1,,USA,,,,,https://www.thesportsdb.com/images/media/event/thumb/aymwk21675977321.jpg,,,,,,,FT,no,unlocked
1781030,,135798,Baltimore Orioles vs Toronto Blue Jays,Toronto Blue Jays @ Baltimore Orioles,MLB 2023-03-01 Baltimore Orioles vs Toronto Blue Jays,Baseball,4424,MLB,2023,,Baltimore Orioles,Toronto Blue Jays,1,0,2,,,2023-03-01T18:05:00+00:00,2023-03-01,,18:05:00,,,135251,135265,,, Baltimore Orioles Innings:<br>0 0 0 0 0 0 0 0 1 <br>Hits: 2 - Errors: 1<br><br>Toronto Blue Jays Innings:<br>0 0 0 1 0 0 0 1 0 <br>Hits: 9 - Errors: 1,,USA,,,,,https://www.thesportsdb.com/images/media/event/thumb/jopg8g1675977322.jpg,,,,,,,FT,no,unlocked
1781031,,135799,Atlanta Braves vs Tampa Bay Rays,Tampa Bay Rays @ Atlanta Braves,MLB 2023-03-01 Atlanta Braves vs Tampa Bay Rays,Baseball,4424,MLB,2023,,Atlanta Braves,Tampa Bay Rays,3,0,3,,,2023-03-01T18:05:00+00:00,2023-03-01,,18:05:00,,,135268,135263,,, Atlanta Braves Innings:<br>0 0 0 0 0 1 0 2 0 <br>Hits: 6 - Errors: 1<br><br>Tampa Bay Rays Innings:<br>0 0 1 0 1 0 1 0 0 <br>Hits: 6 - Errors: 2,,USA,,,,,https://www.thesportsdb.com/images/media/event/thumb/yyu75w1675977322.jpg,,,,,,,FT,no,unlocked
1781032,,135800,Colorado Rockies vs Kansas City Royals,Kansas City Royals @ Colorado Rockies,MLB 2023-03-01 Colorado Rockies vs Kansas City Royals,Baseball,4424,MLB,2023,,Colorado Rockies,Kansas City Royals,6,0,8,,,2023-03-01T20:10:00+00:00,2023-03-01,,20:10:00,,,135271,135257,,, Colorado Rockies Innings:<br>1 3 0 0 0 1 1 0 0 <br>Hits: 10 - Errors: 1<br><br>Kansas City Royals Innings:<br>0 0 0 2 0 0 1 0 5 <br>Hits: 11 - Errors: 2,,USA,,,,,https://www.thesportsdb.com/images/media/event/thumb/t9fbhu1675977323.jpg,,,,,,,FT,no,unlocked
1781033,,135801,Detroit Tigers vs Baltimore Orioles,Baltimore Orioles @ Detroit Tigers,MLB 2023-03-02 Detroit Tigers vs Baltimore Orioles,Baseball,4424,MLB,2023,,Detroit Tigers,Baltimore Orioles,10,0,3,,,2023-03-02T18:05:00+00:00,2023-03-02,,18:05:00,,,135255,135251,,, Detroit Tigers Innings:<br>0 0 0 0 5 0 5 0  <br>Hits: 12 - Errors: 1<br><br>Baltimore Orioles Innings:<br>1 0 0 1 0 1 0 0 0 <br>Hits: 8 - Errors: 0,,USA,,,,,https://www.thesportsdb.com/images/media/event/thumb/egmdn91675977323.jpg,,,,,,,FT,no,unlocked
1781034,,135802,Chicago Cubs vs Oakland Athletics,Oakland Athletics @ Chicago Cubs,MLB 2023-03-02 Chicago Cubs vs Oakland Athletics,Baseball,4424,MLB,2023,,Chicago Cubs,Oakland Athletics,6,0,1,,,2023-03-02T20:05:00+00:00,2023-03-02,,20:05:00,,,135269,135261,,, Chicago Cubs Innings:<br>2 0 1 2 1 0 0 0  <br>Hits: 8 - Errors: 0<br><br>Oakland Athletics Innings:<br>0 0 0 0 0 0 0 0 1 <br>Hits: 7 - Errors: 0,,USA,,,,,https://www.thesportsdb.com/images/media/event/thumb/d32bgh1675977323.jpg,,,,,,,FT,no,unlocked
1781035,,135803,Milwaukee Brewers vs Texas Rangers,Texas Rangers @ Milwaukee Brewers,MLB 2023-03-02 Milwaukee Brewers vs Texas Rangers,Baseball,4424,MLB,2023,,Milwaukee Brewers,Texas Rangers,4,0,7,,,2023-03-02T20:10:00+00:00,2023-03-02,,20:10:00,,,135274,135264,,, Milwaukee Brewers Innings:<br>1 0 0 1 2 0 0 0 0 <br>Hits: 13 - Errors: 1<br><br>Texas Rangers Innings:<br>0 0 2 3 0 0 0 1 1 <br>Hits: 11 - Errors: 0,,USA,,,,,https://www.thesportsdb.com/images/media/event/thumb/s4v51f1675977324.jpg,,,,,,,FT,no,unlocked
1781036,,135804,Pittsburgh Pirates vs New York Yankees,New York Yankees @ Pittsburgh Pirates,MLB 2023-03-02 Pittsburgh Pirates vs New York Yankees,Baseball,4424,MLB,2023,,Pittsburgh Pirates,New York Yankees,1,0,9,,,2023-03-02T18:05:00+00:00,2023-03-02,,18:05:00,,,135277,135260,,, Pittsburgh Pirates Innings:<br>0 0 0 0 0 0 0 0 1 <br>Hits: 2 - Errors: 2<br><br>New York Yankees Innings:<br>1 2 0 1 1 0 0 0 4 <br>Hits: 11 - Errors: 0,,USA,,,,,https://www.thesportsdb.com/images/media/event/thumb/gx6nxj1675977324.jpg,,,,,,,FT,no,unlocked
1781037,,135805,Toronto Blue Jays vs Pittsburgh Pirates,Pittsburgh Pirates @ Toronto Blue Jays,MLB 2023-03-02 Toronto Blue Jays vs Pittsburgh Pirates,Baseball,4424,MLB,2023,,Toronto Blue Jays,Pittsburgh Pirates,2,0,2,,,2023-03-02T18:07:00+00:00,2023-03-02,,18:07:00,,,135265,135277,,, Toronto Blue Jays Innings:<br>1 0 1 0 0 0 0 0 0 <br>Hits: 7 - Errors: 2<br><br>Pittsburgh Pirates Innings:<br>0 1 0 0 0 1 0 0 0 <br>Hits: 6 - Errors: 0,,USA,,,,,https://www.thesportsdb.com/images/media/event/thumb/ckml0h1675977325.jpg,,,,,,,FT,no,unlocked
1781038,,135806,Tampa Bay Rays vs Minnesota Twins,Minnesota Twins @ Tampa Bay Rays,MLB 2023-03-02 Tampa Bay Rays vs Minnesota Twins,Baseball,4424,MLB,2023,,Tampa Bay Rays,Minnesota Twins,2,0,4,,,2023-03-02T18:05:00+00:00,2023-03-02,,18:05:00,,,135263,135259,,, Tampa Bay Rays Innings:<br>0 0 0 1 0 0 1 0 0 <br>Hits: 7 - Errors: 3<br><br>Minnesota Twins Innings:<br>0 0 1 0 0 0 0 0 3 <br>Hits: 3 - Errors: 1,,USA,,,,,https://www.thesportsdb.com/images/media/event/thumb/f2jurh1675977325.jpg,,,,,,,FT,no,unlocked
1781039,,135807,St. Louis Cardinals vs Houston Astros,Houston Astros @ St. Louis Cardinals,MLB 2023-03-02 St. Louis Cardinals vs Houston Astros,Baseball,4424,MLB,2023,,St. Louis Cardinals,Houston Astros,0,0,6,,,2023-03-02T18:05:00+00:00,2023-03-02,,18:05:00,,,135280,135256,,, St. Louis Cardinals Innings:<br>0 0 0 0 0 0 0 0 0 <br>Hits: 3 - Errors: 1<br><br>Houston Astros Innings:<br>0 2 1 0 0 1 1 0 1 <br>Hits: 11 - Errors: 0,,USA,,,,,https://www.thesportsdb.com/images/media/event/thumb/iu0ebo1675977326.jpg,,,,,,,FT,no,unlocked
1781040,,135808,Seattle Mariners vs San Diego Padres,San Diego Padres @ Seattle Mariners,MLB 2023-03-02 Seattle Mariners vs San Diego Padres,Baseball,4424,MLB,2023,,Seattle Mariners,San Diego Padres,5,0,4,,,2023-03-02T20:10:00+00:00,2023-03-02,,20:10:00,,,135262,135278,,, Seattle Mariners Innings:<br>0 1 0 1 0 0 0 2 1 <br>Hits: 11 - Errors: 0<br><br>San Diego Padres Innings:<br>1 2 0 0 0 0 0 1 0 <br>Hits: 11 - Errors: 1,,USA,,,,,https://www.thesportsdb.com/images/media/event/thumb/r3as7p1675977327.jpg,,,,,,,FT,no,unlocked
1781041,,135809,Washington Nationals vs Miami Marlins,Miami Marlins @ Washington Nationals,MLB 2023-03-02 Washington Nationals vs Miami Marlins,Baseball,4424,MLB,2023,,Washington Nationals,Miami Marlins,5,0,5,,,2023-03-02T18:05:00+00:00,2023-03-02,,18:05:00,,,135281,135273,,, Washington Nationals Innings:<br>0 0 3 0 0 0 0 2 0 <br>Hits: 10 - Errors: 1<br><br>Miami Marlins Innings:<br>0 1 0 0 0 1 1 2 0 <br>Hits: 13 - Errors: 2,,USA,,,,,https://www.thesportsdb.com/images/media/event/thumb/gor5661675977327.jpg,,,,,,,FT,no,unlocked
1781042,,135810,New York Mets vs Atlanta Braves,Atlanta Braves @ New York Mets,MLB 2023-03-02 New York Mets vs Atlanta Braves,Baseball,4424,MLB,2023,,New York Mets,Atlanta Braves,2,0,6,,,2023-03-02T18:10:00+00:00,2023-03-02,,18:10:00,,,135275,135268,,, New York Mets Innings:<br>0 0 0 0 0 0 0 0 2 <br>Hits: 8 - Errors: 1<br><br>Atlanta Braves Innings:<br>0 2 1 0 1 0 2 0 0 <br>Hits: 8 - Errors: 1,,USA,,,,,https://www.thesportsdb.com/images/media/event/thumb/xoyps81675977328.jpg,,,,,,,FT,no,unlocked
1781043,,135811,Kansas City Royals vs Los Angeles Angels,Los Angeles Angels @ Kansas City Royals,MLB 2023-03-02 Kansas City Royals vs Los Angeles Angels,Baseball,4424,MLB,2023,,Kansas City Royals,Los Angeles Angels,8,0,4,,,2023-03-02T20:05:00+00:00,2023-03-02,,20:05:00,,,135257,135258,,, Kansas City Royals Innings:<br>2 0 0 4 0 0 0 2  <br>Hits: 15 - Errors: 0<br><br>Los Angeles Angels Innings:<br>3 0 0 0 0 0 0 1 0 <br>Hits: 6 - Errors: 2,,USA,,,,,https://www.thesportsdb.com/images/media/event/thumb/2vqp731675977328.jpg,,,,,,,FT,no,unlocked
1781044,,135812,Colorado Rockies vs Chicago White Sox,Chicago White Sox @ Colorado Rockies,MLB 2023-03-02 Colorado Rockies vs Chicago White Sox,Baseball,4424,MLB,2023,,Colorado Rockies,Chicago White Sox,4,0,6,,,2023-03-02T20:10:00+00:00,2023-03-02,,20:10:00,,,135271,135253,,, Colorado Rockies Innings:<br>0 0 4 0 0 0 0 0 0 <br>Hits: 8 - Errors: 0<br><br>Chicago White Sox Innings:<br>0 3 0 1 0 0 0 2 0 <br>Hits: 12 - Errors: 1,,USA,,,,,https://www.thesportsdb.com/images/media/event/thumb/8j4zlc1675977329.jpg,,,,,,,FT,no,unlocked
1781045,,135813,Cleveland Guardians vs San Francisco Giants,San Francisco Giants @ Cleveland Guardians,MLB 2023-03-02 Cleveland Guardians vs San Francisco Giants,Baseball,4424,MLB,2023,,Cleveland Guardians,San Francisco Giants,4,0,3,,,2023-03-02T20:05:00+00:00,2023-03-02,,20:05:00,,,135254,135279,,, Cleveland Guardians Innings:<br>0 0 3 0 0 0 0 1  <br>Hits: 7 - Errors: 2<br><br>San Francisco Giants Innings:<br>1 0 0 1 0 1 0 0 0 <br>Hits: 6 - Errors: 2,,USA,,,,,https://www.thesportsdb.com/images/media/event/thumb/myvsik1675977329.jpg,,,,,,,FT,no,unlocked
1781046,,135814,Boston Red Sox vs Philadelphia Phillies,Philadelphia Phillies @ Boston Red Sox,MLB 2023-03-02 Boston Red Sox vs Philadelphia Phillies,Baseball,4424,MLB,2023,,Boston Red Sox,Philadelphia Phillies,15,0,3,,,2023-03-02T17:05:00+00:00,2023-03-02,,17:05:00,,,135252,135276,,, Boston Red Sox Innings:<br>0 1 6 0 0 4 4 0  <br>Hits: 12 - Errors: 0<br><br>Philadelphia Phillies Innings:<br>0 0 0 1 2 0 0 0 0 <br>Hits: 5 - Errors: 0,,USA,,,,,https://www.thesportsdb.com/images/media/event/thumb/u369i81675977330.jpg,,,,,,,FT,no,unlocked
1781047,,135815,Los Angeles Dodgers vs Arizona Diamondbacks,Arizona Diamondbacks @ Los Angeles Dodgers,MLB 2023-03-02 Los Angeles Dodgers vs Arizona Diamondbacks,Baseball,4424,MLB,2023,,Los Angeles Dodgers,Arizona Diamondbacks,5,0,5,,,2023-03-02T20:05:00+00:00,2023-03-02,,20:05:00,,,135272,135267,,, Los Angeles Dodgers Innings:<br>2 1 1 0 0 1 0 0 0 <br>Hits: 10 - Errors: 2<br><br>Arizona Diamondbacks Innings:<br>0 0 1 0 0 0 4 0 0 <br>Hits: 8 - Errors: 2,,USA,,,,,https://www.thesportsdb.com/images/media/event/thumb/etz73x1675977330.jpg,,,,,,,FT,no,unlocked
1781048,,135816,Philadelphia Phillies vs Detroit Tigers,Detroit Tigers @ Philadelphia Phillies,MLB 2023-03-03 Philadelphia Phillies vs Detroit Tigers,Baseball,4424,MLB,2023,,Philadelphia Phillies,Detroit Tigers,3,0,6,,,2023-03-03T18:05:00+00:00,2023-03-03,,18:05:00,,,135276,135255,,, Philadelphia Phillies Innings:<br>0 0 0 0 1 2 0 0 0 <br>Hits: 8 - Errors: 2<br><br>Detroit Tigers Innings:<br>0 0 3 1 1 0 0 1 0 <br>Hits: 11 - Errors: 0,,USA,,,,,https://www.thesportsdb.com/images/media/event/thumb/3nrcit1675977331.jpg,,,,,,,FT,no,unlocked
1781049,,135817,Arizona Diamondbacks vs Seattle Mariners,Seattle Mariners @ Arizona Diamondbacks,MLB 2023-03-03 Arizona Diamondbacks vs Seattle Mariners,Baseball,4424,MLB,2023,,Arizona Diamondbacks,Seattle Mariners,3,0,6,,,2023-03-03T20:10:00+00:00,2023-03-03,,20:10:00,,,135267,135262,,, Arizona Diamondbacks Innings:<br>0 0 0 0 2 0 1 0 0 <br>Hits: 7 - Errors: 1<br><br>Seattle Mariners Innings:<br>0 1 0 3 1 1 0 0 0 <br>Hits: 14 - Errors: 3,,USA,,,,,https://www.thesportsdb.com/images/media/event/thumb/06ct8h1675977331.jpg,,,,,,,FT,no,unlocked
1781050,,135818,New York Yankees vs Detroit Tigers,Detroit Tigers @ New York Yankees,MLB 2023-03-03 New York Yankees vs Detroit Tigers,Baseball,4424,MLB,2023,,New York Yankees,Detroit Tigers,3,0,5,,,2023-03-03T23:35:00+00:00,2023-03-03,,23:35:00,,,135260,135255,,, New York Yankees Innings:<br>0 1 0 0 0 0 2 0 0 <br>Hits: 7 - Errors: 1<br><br>Detroit Tigers Innings:<br>0 0 0 0 0 1 3 0 1 <br>Hits: 7 - Errors: 0,,USA,,,,,https://www.thesportsdb.com/images/media/event/thumb/cfg8k41675977332.jpg,,,,,,,FT,no,unlocked
